日期,内容
2020-01-31,点赞，要真心实意为人民办事
2020-01-31,加油
2020-02-01,逝者安息
2020-02-01,逝者安息
2020-02-01,点赞，要真心实意为人民办事
2020-02-01,加油
2020-02-02,逝者安息
2020-02-02,逝者安息
2020-02-02,点赞，要真心实意为人民办事
2020-02-02,加油
2020-02-03,逝者安息
2020-02-03,逝者安息
2020-02-03,点赞，要真心实意为人民办事
2020-02-03,加油
2020-02-04,逝者安息
2020-02-04,逝者安息
2020-02-04,点赞，要真心实意为人民办事
2020-02-04,加油
2020-02-05,逝者安息
2020-02-05,逝者安息
2020-02-05,点赞，要真心实意为人民办事
2020-02-05,加油
2020-02-06,逝者安息
2020-02-06,逝者安息
2020-02-06,点赞，要真心实意为人民办事
2020-02-06,加油
2020-02-07,逝者安息
2020-02-07,逝者安息
2020-02-07,点赞，要真心实意为人民办事
2020-02-07,加油
2020-02-08,逝者安息
2020-02-08,逝者安息
2020-02-08,点赞，要真心实意为人民办事
2020-02-08,加油
2020-02-09,逝者安息
2020-02-09,逝者安息
2020-02-09,点赞，要真心实意为人民办事
2020-02-09,加油
2020-02-10,逝者安息
2020-02-10,逝者安息
2020-02-10,点赞，要真心实意为人民办事
2020-02-10,加油
2020-02-11,逝者安息
2020-02-11,逝者安息
2020-02-11,点赞，要真心实意为人民办事
2020-02-11,加油
2020-02-12,逝者安息
2020-02-12,逝者安息
2020-02-12,点赞，要真心实意为人民办事
2020-02-12,加油
2020-02-13,逝者安息
2020-02-13,逝者安息
2020-02-13,逝者安息
2020-02-13,逝者安息
2020-02-13,点赞，要真心实意为人民办事
2020-02-13,加油
2020-02-14,逝者安息
2020-02-14,逝者安息
2020-02-14,逝者安息
2020-02-14,逝者安息
2020-02-14,点赞，要真心实意为人民办事
2020-02-14,加油
2020-02-15,逝者安息
2020-02-15,逝者安息
2020-02-15,逝者安息
2020-02-15,逝者安息
2020-02-15,点赞，要真心实意为人民办事
2020-02-15,加油
2020-02-16,逝者安息
2020-02-16,逝者安息
2020-02-16,逝者安息
2020-02-16,逝者安息
2020-02-16,点赞，要真心实意为人民办事
2020-02-16,加油
2020-02-17,逝者安息
2020-02-17,逝者安息
2020-02-17,逝者安息
2020-02-17,逝者安息
2020-02-17,点赞，要真心实意为人民办事
2020-02-17,加油
2020-02-18,逝者安息
2020-02-18,逝者安息
2020-02-18,逝者安息
2020-02-18,逝者安息
2020-02-18,点赞，要真心实意为人民办事
2020-02-18,加油
2020-02-23,逝者安息
2020-02-23,逝者安息
2020-02-23,逝者安息
2020-02-23,逝者安息
2020-02-23,点赞，要真心实意为人民办事
2020-02-23,加油
2020-02-26,逝者安息
2020-02-26,逝者安息
2020-02-26,逝者安息
2020-02-26,逝者安息
2020-02-26,点赞，要真心实意为人民办事
2020-02-26,加油
2020-02-28,逝者安息
2020-02-28,逝者安息
2020-02-28,逝者安息
2020-02-28,逝者安息
2020-02-28,点赞，要真心实意为人民办事
2020-02-28,加油
2020-03-16,逝者安息
2020-03-16,逝者安息
2020-03-16,逝者安息
2020-03-16,逝者安息
2020-03-16,点赞，要真心实意为人民办事
2020-03-16,加油
2020-03-20,逝者安息
2020-03-20,逝者安息
2020-03-20,逝者安息
2020-03-20,逝者安息
2020-03-20,点赞，要真心实意为人民办事
2020-03-20,加油
2020-03-27,逝者安息
2020-03-27,逝者安息
2020-03-27,逝者安息
2020-03-27,逝者安息
2020-03-27,点赞，要真心实意为人民办事
2020-03-27,加油
2020-04-02,逝者安息
2020-04-02,逝者安息
2020-04-02,逝者安息
2020-04-02,逝者安息
2020-04-02,点赞，要真心实意为人民办事
2020-04-02,加油
2020-04-03,深切哀悼抗疫烈士和逝世同胞
2020-04-03,逝者安息
2020-04-03,逝者安息
2020-04-03,逝者安息
2020-04-03,逝者安息
2020-04-03,逝者安息
2020-04-03,点赞，要真心实意为人民办事
2020-04-03,加油
2020-04-04,你可垃圾霸道吧
2020-04-04,逝者安息
2020-04-04,致敬
2020-04-04,呸
2020-04-04,你也走了
2020-04-04,你不应该谢罪吗？
2020-04-04,？？？
2020-04-04,致敬
2020-04-04,致敬英雄
2020-04-04,鞠躬，你们也辛苦了！
2020-04-04,不是换人了吗？？？
2020-04-04,上香
2020-04-04,逝者安息，中国加油
2020-04-04,致敬
2020-04-04,致敬
2020-04-04,致敬
2020-04-04,逝者安息
2020-04-04,武汉加油！致敬！
2020-04-04,给组织添麻烦了这句话是不是你说的！！！
2020-04-04,致敬英灵，垂悼亡者。至彼他方，家国永念愿逝者安息，愿生者奋发，愿祖国昌盛致敬英雄逝者安息，致敬英雄致敬英雄，逝者安息致敬逝者，致敬白衣天使致使消防战士[蜡烛]
2020-04-04,加油！
2020-04-04,逝者安息
2020-04-04,英雄们安息，你们是人民心中永远的恩人[祈祷][祈祷][祈祷]
2020-04-04,全体起立
2020-04-04,致敬
2020-04-04,加油呀
2020-04-04,逝者安息
2020-04-04,愿逝者安息，愿祖国繁隆昌盛，愿祖国万代不朽，致敬英雄
2020-04-04,深切哀悼抗疫烈士和逝世同胞
2020-04-04,致敬
2020-04-04,默哀
2020-04-04,深切哀悼抗疫烈士和逝世同胞
2020-04-04,逝者安息
2020-04-04,逝者安息
2020-04-04,逝者安息
2020-04-04,逝者安息
2020-04-04,逝者安息
2020-04-04,点赞，要真心实意为人民办事
2020-04-04,加油
2020-04-05,谢罪吧
2020-04-05,有何用？
2020-04-05,罪人！！！
2020-04-05,建议自杀
2020-04-05,108亿
2020-04-05,网友：没有人比我更会执政。
2020-04-05,88
2020-04-05,哼
2020-04-05,可能心不坏，但能力差了点……
2020-04-05,他凉了……
2020-04-05,你可垃圾霸道吧
2020-04-05,逝者安息
2020-04-05,致敬
2020-04-05,呸
2020-04-05,你也走了
2020-04-05,你不应该谢罪吗？
2020-04-05,？？？
2020-04-05,致敬
2020-04-05,致敬英雄
2020-04-05,鞠躬，你们也辛苦了！
2020-04-05,不是换人了吗？？？
2020-04-05,上香
2020-04-05,逝者安息，中国加油
2020-04-05,致敬
2020-04-05,致敬
2020-04-05,致敬
2020-04-05,逝者安息
2020-04-05,武汉加油！致敬！
2020-04-05,给组织添麻烦了这句话是不是你说的！！！
2020-04-05,致敬英灵，垂悼亡者。至彼他方，家国永念愿逝者安息，愿生者奋发，愿祖国昌盛致敬英雄逝者安息，致敬英雄致敬英雄，逝者安息致敬逝者，致敬白衣天使致使消防战士[蜡烛]
2020-04-05,加油！
2020-04-05,逝者安息
2020-04-05,英雄们安息，你们是人民心中永远的恩人[祈祷][祈祷][祈祷]
2020-04-05,全体起立
2020-04-05,致敬
2020-04-05,加油呀
2020-04-05,逝者安息
2020-04-05,愿逝者安息，愿祖国繁隆昌盛，愿祖国万代不朽，致敬英雄
2020-04-05,深切哀悼抗疫烈士和逝世同胞
2020-04-05,致敬
2020-04-05,默哀
2020-04-05,深切哀悼抗疫烈士和逝世同胞
2020-04-05,逝者安息
2020-04-05,逝者安息
2020-04-05,逝者安息
2020-04-05,逝者安息
2020-04-05,逝者安息
2020-04-05,点赞，要真心实意为人民办事
2020-04-05,加油
2020-04-06,谢罪吧
2020-04-06,有何用？
2020-04-06,罪人！！！
2020-04-06,建议自杀
2020-04-06,108亿
2020-04-06,网友：没有人比我更会执政。
2020-04-06,88
2020-04-06,哼
2020-04-06,可能心不坏，但能力差了点……
2020-04-06,他凉了……
2020-04-06,你可垃圾霸道吧
2020-04-06,逝者安息
2020-04-06,致敬
2020-04-06,呸
2020-04-06,你也走了
2020-04-06,你不应该谢罪吗？
2020-04-06,？？？
2020-04-06,致敬
2020-04-06,致敬英雄
2020-04-06,鞠躬，你们也辛苦了！
2020-04-06,不是换人了吗？？？
2020-04-06,上香
2020-04-06,逝者安息，中国加油
2020-04-06,致敬
2020-04-06,致敬
2020-04-06,致敬
2020-04-06,逝者安息
2020-04-06,武汉加油！致敬！
2020-04-06,给组织添麻烦了这句话是不是你说的！！！
2020-04-06,致敬英灵，垂悼亡者。至彼他方，家国永念愿逝者安息，愿生者奋发，愿祖国昌盛致敬英雄逝者安息，致敬英雄致敬英雄，逝者安息致敬逝者，致敬白衣天使致使消防战士[蜡烛]
2020-04-06,加油！
2020-04-06,逝者安息
2020-04-06,英雄们安息，你们是人民心中永远的恩人[祈祷][祈祷][祈祷]
2020-04-06,全体起立
2020-04-06,致敬
2020-04-06,加油呀
2020-04-06,逝者安息
2020-04-06,愿逝者安息，愿祖国繁隆昌盛，愿祖国万代不朽，致敬英雄
2020-04-06,深切哀悼抗疫烈士和逝世同胞
2020-04-06,致敬
2020-04-06,默哀
2020-04-06,深切哀悼抗疫烈士和逝世同胞
2020-04-06,逝者安息
2020-04-06,逝者安息
2020-04-06,逝者安息
2020-04-06,逝者安息
2020-04-06,逝者安息
2020-04-06,点赞，要真心实意为人民办事
2020-04-06,加油
2020-04-07,什么他凉了这次病毒是全球问题跟他根本没关系又不是人为的小学生的思维
2020-04-07,谢罪吧
2020-04-07,有何用？
2020-04-07,罪人！！！
2020-04-07,建议自杀
2020-04-07,108亿
2020-04-07,网友：没有人比我更会执政。
2020-04-07,88
2020-04-07,哼
2020-04-07,可能心不坏，但能力差了点……
2020-04-07,他凉了……
2020-04-07,你可垃圾霸道吧
2020-04-07,逝者安息
2020-04-07,致敬
2020-04-07,呸
2020-04-07,你也走了
2020-04-07,你不应该谢罪吗？
2020-04-07,？？？
2020-04-07,致敬
2020-04-07,致敬英雄
2020-04-07,鞠躬，你们也辛苦了！
2020-04-07,不是换人了吗？？？
2020-04-07,上香
2020-04-07,逝者安息，中国加油
2020-04-07,致敬
2020-04-07,致敬
2020-04-07,致敬
2020-04-07,逝者安息
2020-04-07,武汉加油！致敬！
2020-04-07,给组织添麻烦了这句话是不是你说的！！！
2020-04-07,致敬英灵，垂悼亡者。至彼他方，家国永念愿逝者安息，愿生者奋发，愿祖国昌盛致敬英雄逝者安息，致敬英雄致敬英雄，逝者安息致敬逝者，致敬白衣天使致使消防战士[蜡烛]
2020-04-07,加油！
2020-04-07,逝者安息
2020-04-07,英雄们安息，你们是人民心中永远的恩人[祈祷][祈祷][祈祷]
2020-04-07,全体起立
2020-04-07,致敬
2020-04-07,加油呀
2020-04-07,逝者安息
2020-04-07,愿逝者安息，愿祖国繁隆昌盛，愿祖国万代不朽，致敬英雄
2020-04-07,深切哀悼抗疫烈士和逝世同胞
2020-04-07,致敬
2020-04-07,默哀
2020-04-07,深切哀悼抗疫烈士和逝世同胞
2020-04-07,逝者安息
2020-04-07,逝者安息
2020-04-07,逝者安息
2020-04-07,逝者安息
2020-04-07,逝者安息
2020-04-07,点赞，要真心实意为人民办事
2020-04-07,加油
2020-04-09,什么他凉了这次病毒是全球问题跟他根本没关系又不是人为的小学生的思维
2020-04-09,谢罪吧
2020-04-09,有何用？
2020-04-09,罪人！！！
2020-04-09,建议自杀
2020-04-09,108亿
2020-04-09,网友：没有人比我更会执政。
2020-04-09,88
2020-04-09,哼
2020-04-09,可能心不坏，但能力差了点……
2020-04-09,他凉了……
2020-04-09,你可垃圾霸道吧
2020-04-09,逝者安息
2020-04-09,致敬
2020-04-09,呸
2020-04-09,你也走了
2020-04-09,你不应该谢罪吗？
2020-04-09,？？？
2020-04-09,致敬
2020-04-09,致敬英雄
2020-04-09,鞠躬，你们也辛苦了！
2020-04-09,不是换人了吗？？？
2020-04-09,上香
2020-04-09,逝者安息，中国加油
2020-04-09,致敬
2020-04-09,致敬
2020-04-09,致敬
2020-04-09,逝者安息
2020-04-09,武汉加油！致敬！
2020-04-09,给组织添麻烦了这句话是不是你说的！！！
2020-04-09,致敬英灵，垂悼亡者。至彼他方，家国永念愿逝者安息，愿生者奋发，愿祖国昌盛致敬英雄逝者安息，致敬英雄致敬英雄，逝者安息致敬逝者，致敬白衣天使致使消防战士[蜡烛]
2020-04-09,加油！
2020-04-09,逝者安息
2020-04-09,英雄们安息，你们是人民心中永远的恩人[祈祷][祈祷][祈祷]
2020-04-09,全体起立
2020-04-09,致敬
2020-04-09,加油呀
2020-04-09,逝者安息
2020-04-09,愿逝者安息，愿祖国繁隆昌盛，愿祖国万代不朽，致敬英雄
2020-04-09,深切哀悼抗疫烈士和逝世同胞
2020-04-09,致敬
2020-04-09,默哀
2020-04-09,深切哀悼抗疫烈士和逝世同胞
2020-04-09,逝者安息
2020-04-09,逝者安息
2020-04-09,逝者安息
2020-04-09,逝者安息
2020-04-09,逝者安息
2020-04-09,点赞，要真心实意为人民办事
2020-04-09,加油
2020-05-01,什么他凉了这次病毒是全球问题跟他根本没关系又不是人为的小学生的思维
2020-05-01,谢罪吧
2020-05-01,有何用？
2020-05-01,罪人！！！
2020-05-01,建议自杀
2020-05-01,108亿
2020-05-01,网友：没有人比我更会执政。
2020-05-01,88
2020-05-01,哼
2020-05-01,可能心不坏，但能力差了点……
2020-05-01,他凉了……
2020-05-01,你可垃圾霸道吧
2020-05-01,逝者安息
2020-05-01,致敬
2020-05-01,呸
2020-05-01,你也走了
2020-05-01,你不应该谢罪吗？
2020-05-01,？？？
2020-05-01,致敬
2020-05-01,致敬英雄
2020-05-01,鞠躬，你们也辛苦了！
2020-05-01,不是换人了吗？？？
2020-05-01,上香
2020-05-01,逝者安息，中国加油
2020-05-01,致敬
2020-05-01,致敬
2020-05-01,致敬
2020-05-01,逝者安息
2020-05-01,武汉加油！致敬！
2020-05-01,给组织添麻烦了这句话是不是你说的！！！
2020-05-01,致敬英灵，垂悼亡者。至彼他方，家国永念愿逝者安息，愿生者奋发，愿祖国昌盛致敬英雄逝者安息，致敬英雄致敬英雄，逝者安息致敬逝者，致敬白衣天使致使消防战士[蜡烛]
2020-05-01,加油！
2020-05-01,逝者安息
2020-05-01,英雄们安息，你们是人民心中永远的恩人[祈祷][祈祷][祈祷]
2020-05-01,全体起立
2020-05-01,致敬
2020-05-01,加油呀
2020-05-01,逝者安息
2020-05-01,愿逝者安息，愿祖国繁隆昌盛，愿祖国万代不朽，致敬英雄
2020-05-01,深切哀悼抗疫烈士和逝世同胞
2020-05-01,致敬
2020-05-01,默哀
2020-05-01,深切哀悼抗疫烈士和逝世同胞
2020-05-01,逝者安息
2020-05-01,逝者安息
2020-05-01,逝者安息
2020-05-01,逝者安息
2020-05-01,逝者安息
2020-05-01,点赞，要真心实意为人民办事
2020-05-01,加油
2020-06-02,什么他凉了这次病毒是全球问题跟他根本没关系又不是人为的小学生的思维
2020-06-02,谢罪吧
2020-06-02,有何用？
2020-06-02,罪人！！！
2020-06-02,建议自杀
2020-06-02,108亿
2020-06-02,网友：没有人比我更会执政。
2020-06-02,88
2020-06-02,哼
2020-06-02,可能心不坏，但能力差了点……
2020-06-02,他凉了……
2020-06-02,你可垃圾霸道吧
2020-06-02,逝者安息
2020-06-02,致敬
2020-06-02,呸
2020-06-02,你也走了
2020-06-02,你不应该谢罪吗？
2020-06-02,？？？
2020-06-02,致敬
2020-06-02,致敬英雄
2020-06-02,鞠躬，你们也辛苦了！
2020-06-02,不是换人了吗？？？
2020-06-02,上香
2020-06-02,逝者安息，中国加油
2020-06-02,致敬
2020-06-02,致敬
2020-06-02,致敬
2020-06-02,逝者安息
2020-06-02,武汉加油！致敬！
2020-06-02,给组织添麻烦了这句话是不是你说的！！！
2020-06-02,致敬英灵，垂悼亡者。至彼他方，家国永念愿逝者安息，愿生者奋发，愿祖国昌盛致敬英雄逝者安息，致敬英雄致敬英雄，逝者安息致敬逝者，致敬白衣天使致使消防战士[蜡烛]
2020-06-02,加油！
2020-06-02,逝者安息
2020-06-02,英雄们安息，你们是人民心中永远的恩人[祈祷][祈祷][祈祷]
2020-06-02,全体起立
2020-06-02,致敬
2020-06-02,加油呀
2020-06-02,逝者安息
2020-06-02,愿逝者安息，愿祖国繁隆昌盛，愿祖国万代不朽，致敬英雄
2020-06-02,深切哀悼抗疫烈士和逝世同胞
2020-06-02,致敬
2020-06-02,默哀
2020-06-02,深切哀悼抗疫烈士和逝世同胞
2020-06-02,逝者安息
2020-06-02,逝者安息
2020-06-02,逝者安息
2020-06-02,逝者安息
2020-06-02,逝者安息
2020-06-02,点赞，要真心实意为人民办事
2020-06-02,加油
2020-06-17,下台，判刑。
2020-06-17,什么他凉了这次病毒是全球问题跟他根本没关系又不是人为的小学生的思维
2020-06-17,谢罪吧
2020-06-17,有何用？
2020-06-17,罪人！！！
2020-06-17,建议自杀
2020-06-17,108亿
2020-06-17,网友：没有人比我更会执政。
2020-06-17,88
2020-06-17,哼
2020-06-17,可能心不坏，但能力差了点……
2020-06-17,他凉了……
2020-06-17,你可垃圾霸道吧
2020-06-17,逝者安息
2020-06-17,致敬
2020-06-17,呸
2020-06-17,你也走了
2020-06-17,你不应该谢罪吗？
2020-06-17,？？？
2020-06-17,致敬
2020-06-17,致敬英雄
2020-06-17,鞠躬，你们也辛苦了！
2020-06-17,不是换人了吗？？？
2020-06-17,上香
2020-06-17,逝者安息，中国加油
2020-06-17,致敬
2020-06-17,致敬
2020-06-17,致敬
2020-06-17,逝者安息
2020-06-17,武汉加油！致敬！
2020-06-17,给组织添麻烦了这句话是不是你说的！！！
2020-06-17,致敬英灵，垂悼亡者。至彼他方，家国永念愿逝者安息，愿生者奋发，愿祖国昌盛致敬英雄逝者安息，致敬英雄致敬英雄，逝者安息致敬逝者，致敬白衣天使致使消防战士[蜡烛]
2020-06-17,加油！
2020-06-17,逝者安息
2020-06-17,英雄们安息，你们是人民心中永远的恩人[祈祷][祈祷][祈祷]
2020-06-17,全体起立
2020-06-17,致敬
2020-06-17,加油呀
2020-06-17,逝者安息
2020-06-17,愿逝者安息，愿祖国繁隆昌盛，愿祖国万代不朽，致敬英雄
2020-06-17,深切哀悼抗疫烈士和逝世同胞
2020-06-17,致敬
2020-06-17,默哀
2020-06-17,深切哀悼抗疫烈士和逝世同胞
2020-06-17,逝者安息
2020-06-17,逝者安息
2020-06-17,逝者安息
2020-06-17,逝者安息
2020-06-17,逝者安息
2020-06-17,点赞，要真心实意为人民办事
2020-06-17,加油
